4,Denney,in lacus curabitur at ipsum ac tellus semper interdum mauris ullamcorper purus sit amet nulla quisque arcu libero rutrum ac
5,Roderic,molestie hendrerit at vulputate vitae nisl aenean lectus pellentesque eget nunc donec quis orci eget orci vehicula
6,Elladine,in faucibus orci luctus et ultrices posuere cubilia curae duis faucibus accumsan odio curabitur convallis duis consequat dui nec nisi
7,Ella,ac nulla sed vel enim sit amet nunc viverra dapibus nulla suscipit
8,Arlan,sociis natoque penatibus et magnis dis parturient montes nascetur ridiculus mus
9,Hobie,rhoncus aliquet pulvinar sed nisl nunc rhoncus dui vel sem sed sagittis nam
10,Nickolas,diam neque vestibulum eget vulputate ut ultrices vel augue vestibulum ante ipsum primis in faucibus orci luctus et ultrices
11,Molly,nullam varius nulla facilisi cras non velit nec nisi vulputate nonummy maecenas tincidunt
12,Currey,ultrices posuere cubilia curae nulla dapibus dolor vel est donec odio justo sollicitudin ut suscipit a
13,Ezequiel,sapien quis libero nullam sit amet turpis elementum ligula vehicula consequat morbi a ipsum integer a nibh in
14,Alberta,molestie nibh in lectus pellentesque at nulla suspendisse potenti cras in purus eu magna vulputate luctus cum sociis natoque penatibus
15,Baryram,at lorem integer tincidunt ante vel ipsum praesent blandit lacinia erat vestibulum sed magna at nunc commodo placerat praesent blandit
16,Diarmid,nec condimentum neque sapien placerat ante nulla justo aliquam quis turpis eget elit sodales scelerisque mauris sit amet eros suspendisse
17,Ludwig,erat tortor sollicitudin mi sit amet lobortis sapien sapien non mi integer ac neque duis bibendum morbi non
18,Lyndsey,sapien iaculis congue vivamus metus arcu adipiscing molestie hendrerit at vulputate vitae nisl aenean lectus pellentesque eget nunc donec
19,Edith,vel nulla eget eros elementum pellentesque quisque porta volutpat erat quisque erat eros viverra eget
20,Julia,in blandit ultrices enim lorem ipsum dolor sit amet consectetuer adipiscing elit proin interdum mauris
21,Laurie,id ornare imperdiet sapien urna pretium nisl ut volutpat sapien arcu sed augue
22,Bartel,nisl nunc rhoncus dui vel sem sed sagittis nam congue risus semper
23,Jarrad,amet lobortis sapien sapien non mi integer ac neque duis bibendum morbi non quam nec dui luctus
24,Alfred,ut nunc vestibulum ante ipsum primis in faucibus orci luctus et ultrices posuere cubilia curae mauris viverra diam
25,Chadd,eros suspendisse accumsan tortor quis turpis sed ante vivamus tortor duis mattis
26,Cece,parturient montes nascetur ridiculus mus vivamus vestibulum sagittis sapien cum sociis natoque
27,Marius,molestie lorem quisque ut erat curabitur gravida nisi at nibh in hac
28,Josi,sed justo pellentesque viverra pede ac diam cras pellentesque volutpat dui maecenas tristique est
29,Anastasia,in leo maecenas pulvinar lobortis est phasellus sit amet erat nulla
30,Arabele,et ultrices posuere cubilia curae donec pharetra magna vestibulum aliquet ultrices
31,Alanson,amet diam in magna bibendum imperdiet nullam orci pede venenatis non sodales sed
32,Bern,at nunc commodo placerat praesent blandit nam nulla integer pede justo lacinia eget tincidunt
33,Ody,molestie lorem quisque ut erat curabitur gravida nisi at nibh in hac habitasse platea dictumst aliquam augue quam
34,Ciro,purus phasellus in felis donec semper sapien a libero nam dui
35,Mellie,in faucibus orci luctus et ultrices posuere cubilia curae duis faucibus accumsan odio curabitur convallis duis consequat dui nec
36,Ermin,morbi a ipsum integer a nibh in quis justo maecenas rhoncus aliquam lacus
37,Torin,pellentesque volutpat dui maecenas tristique est et tempus semper est
38,Dominica,fringilla rhoncus mauris enim leo rhoncus sed vestibulum sit amet
39,Osbourne,primis in faucibus orci luctus et ultrices posuere cubilia curae donec pharetra
40,Robbin,neque sapien placerat ante nulla justo aliquam quis turpis eget elit sodales scelerisque mauris sit amet eros suspendisse
41,Alon,proin leo odio porttitor id consequat in consequat ut nulla sed accumsan felis ut
42,Cassie,pretium nisl ut volutpat sapien arcu sed augue aliquam erat volutpat in congue etiam justo etiam pretium iaculis
43,Corella,morbi vestibulum velit id pretium iaculis diam erat fermentum justo nec condimentum neque sapien placerat
44,Peterus,penatibus et magnis dis parturient montes nascetur ridiculus mus vivamus vestibulum sagittis sapien
45,Jerrilee,commodo vulputate justo in blandit ultrices enim lorem ipsum dolor sit amet consectetuer adipiscing elit proin interdum mauris
46,Alyssa,mollis molestie lorem quisque ut erat curabitur gravida nisi at nibh in hac habitasse platea dictumst aliquam augue
47,Angel,lacus morbi quis tortor id nulla ultrices aliquet maecenas leo odio condimentum id luctus
48,Ilene,orci luctus et ultrices posuere cubilia curae mauris viverra diam vitae
49,Goldie,congue risus semper porta volutpat quam pede lobortis ligula sit amet eleifend
50,Natala,dolor sit amet consectetuer adipiscing elit proin risus praesent lectus vestibulum quam sapien varius ut blandit non
51,Darnell,diam neque vestibulum eget vulputate ut ultrices vel augue vestibulum ante ipsum primis in faucibus
52,Del,quis odio consequat varius integer ac leo pellentesque ultrices mattis odio donec vitae nisi nam ultrices libero non
53,Hughie,ut at dolor quis odio consequat varius integer ac leo pellentesque ultrices
54,Miltie,erat quisque erat eros viverra eget congue eget semper rutrum
55,Catharine,vulputate elementum nullam varius nulla facilisi cras non velit nec nisi vulputate nonummy maecenas tincidunt
56,Demetri,nisi eu orci mauris lacinia sapien quis libero nullam sit amet turpis elementum ligula vehicula
57,Cari,blandit ultrices enim lorem ipsum dolor sit amet consectetuer adipiscing elit proin interdum mauris non ligula pellentesque ultrices phasellus id
58,Anatollo,commodo placerat praesent blandit nam nulla integer pede justo lacinia eget tincidunt eget tempus vel pede morbi porttitor lorem
59,Gerry,ultrices erat tortor sollicitudin mi sit amet lobortis sapien sapien non mi integer ac neque duis bibendum
60,Alister,nisi venenatis tristique fusce congue diam id ornare imperdiet sapien urna pretium nisl
61,Kiel,vestibulum ante ipsum primis in faucibus orci luctus et ultrices posuere cubilia curae donec pharetra magna
62,Esma,tempus vivamus in felis eu sapien cursus vestibulum proin eu mi nulla ac enim in
63,Nappy,vehicula condimentum curabitur in libero ut massa volutpat convallis morbi odio odio elementum eu
64,Angela,nulla tempus vivamus in felis eu sapien cursus vestibulum proin eu mi nulla ac enim in
65,Melli,ligula nec sem duis aliquam convallis nunc proin at turpis a pede posuere nonummy integer non velit donec diam neque
66,Kym,augue aliquam erat volutpat in congue etiam justo etiam pretium iaculis justo in hac habitasse platea dictumst
67,Louise,lorem ipsum dolor sit amet consectetuer adipiscing elit proin risus praesent lectus vestibulum
68,Mignonne,sed tristique in tempus sit amet sem fusce consequat nulla nisl nunc nisl duis bibendum felis sed interdum venenatis turpis
69,Shirlene,amet erat nulla tempus vivamus in felis eu sapien cursus vestibulum proin eu mi nulla ac enim in tempor
70,Cristy,augue vel accumsan tellus nisi eu orci mauris lacinia sapien quis libero nullam sit amet turpis
71,Delbert,id nisl venenatis lacinia aenean sit amet justo morbi ut odio cras mi pede malesuada in imperdiet
72,Iormina,iaculis congue vivamus metus arcu adipiscing molestie hendrerit at vulputate vitae nisl aenean lectus pellentesque eget nunc donec quis
73,Yank,orci luctus et ultrices posuere cubilia curae donec pharetra magna vestibulum
74,Huntington,congue diam id ornare imperdiet sapien urna pretium nisl ut volutpat sapien arcu sed augue aliquam erat volutpat in congue
75,Moss,ut suscipit a feugiat et eros vestibulum ac est lacinia nisi venenatis tristique fusce congue diam
76,Bobette,nulla eget eros elementum pellentesque quisque porta volutpat erat quisque erat
77,Konrad,praesent blandit lacinia erat vestibulum sed magna at nunc commodo placerat praesent blandit nam nulla integer pede justo lacinia
78,Karalynn,luctus rutrum nulla tellus in sagittis dui vel nisl duis
79,Layne,maecenas rhoncus aliquam lacus morbi quis tortor id nulla ultrices aliquet maecenas leo odio condimentum id
80,Matilda,in quam fringilla rhoncus mauris enim leo rhoncus sed vestibulum sit
81,Mina,luctus et ultrices posuere cubilia curae nulla dapibus dolor vel est donec odio justo sollicitudin ut suscipit a feugiat et
82,Bob,justo aliquam quis turpis eget elit sodales scelerisque mauris sit amet eros suspendisse accumsan tortor quis turpis sed
83,Dugald,in faucibus orci luctus et ultrices posuere cubilia curae duis faucibus accumsan odio curabitur convallis
84,Petronia,cubilia curae duis faucibus accumsan odio curabitur convallis duis consequat dui nec nisi volutpat eleifend donec
85,Case,donec odio justo sollicitudin ut suscipit a feugiat et eros vestibulum ac
86,Olly,integer tincidunt ante vel ipsum praesent blandit lacinia erat vestibulum
87,Jimmy,mattis egestas metus aenean fermentum donec ut mauris eget massa tempor convallis nulla
88,Gizela,dui maecenas tristique est et tempus semper est quam pharetra
89,Jaynell,libero nullam sit amet turpis elementum ligula vehicula consequat morbi a ipsum integer a
90,Saraann,mollis molestie lorem quisque ut erat curabitur gravida nisi at nibh in hac habitasse platea dictumst
91,Leticia,blandit mi in porttitor pede justo eu massa donec dapibus duis at velit eu est congue elementum
92,Rici,vel accumsan tellus nisi eu orci mauris lacinia sapien quis libero nullam sit amet
93,Babbie,diam id ornare imperdiet sapien urna pretium nisl ut volutpat sapien arcu sed augue aliquam
94,Kasper,primis in faucibus orci luctus et ultrices posuere cubilia curae nulla dapibus dolor
95,Serene,blandit non interdum in ante vestibulum ante ipsum primis in faucibus orci luctus et
96,Gabbie,praesent id massa id nisl venenatis lacinia aenean sit amet justo morbi ut
97,Verina,amet eros suspendisse accumsan tortor quis turpis sed ante vivamus tortor
98,Cornie,lorem id ligula suspendisse ornare consequat lectus in est risus auctor sed tristique in tempus sit
99,Auria,pede venenatis non sodales sed tincidunt eu felis fusce posuere felis sed lacus morbi
100,Spence,primis in faucibus orci luctus et ultrices posuere cubilia curae
