4,at,ante,in,74.69,87,15,2023-10-21 17:34:08,2023-10-21 17:34:08
5,orci,duis,magna,13.5,20,48,2023-10-22 17:34:08,2023-10-22 17:34:08
6,tortor,sed accumsan felis ut at,ipsum,35.39,3,35,2023-10-23 17:34:08,2023-10-23 17:34:08
7,ante,aliquam convallis nunc proin at,vivamus,92.85,2,6,2023-10-24 17:34:08,2023-10-24 17:34:08
8,tristique,nulla tellus in,sed,58.08,63,60,2023-10-25 17:34:08,2023-10-25 17:34:08
9,ut,convallis nunc proin,blandit,89.44,89,24,2023-10-26 17:34:08,2023-10-26 17:34:08
10,nisl,ut,molestie,92.54,87,2,2023-10-27 17:34:08,2023-10-27 17:34:08
11,erat,justo in,nec,98.09,54,9,2023-10-28 17:34:08,2023-10-28 17:34:08
12,pellentesque,ante vel,nec,75.35,60,21,2023-10-29 17:34:08,2023-10-29 17:34:08
13,lorem,eget orci,sapien,64.4,14,5,2023-10-30 17:34:08,2023-10-30 17:34:08
14,suscipit,nulla,non,17.44,63,31,2023-10-31 17:34:08,2023-10-31 17:34:08
15,nulla,vulputate nonummy,molestie,31.38,55,90,2023-11-01 17:34:08,2023-11-01 17:34:08
16,ipsum,vestibulum,in,41.14,50,60,2023-11-02 17:34:08,2023-11-02 17:34:08
17,nec,lectus aliquam sit amet,turpis,20.64,41,25,2023-11-03 17:34:08,2023-11-03 17:34:08
18,nam,erat,eu,59.83,83,7,2023-11-04 17:34:08,2023-11-04 17:34:08
19,morbi,consequat lectus,vestibulum,96.62,50,87,2023-11-05 17:34:08,2023-11-05 17:34:08
20,non,luctus ultricies eu,quis,83.29,93,65,2023-11-06 17:34:08,2023-11-06 17:34:08
21,aenean,placerat praesent,erat,32.93,15,60,2023-11-07 17:34:08,2023-11-07 17:34:08
22,elementum,nisl duis ac nibh fusce,lacinia,99.03,43,41,2023-11-08 17:34:08,2023-11-08 17:34:08
23,morbi,aliquet ultrices erat tortor,vehicula,50.04,65,12,2023-11-09 17:34:08,2023-11-09 17:34:08
24,magna,lorem ipsum dolor sit amet,enim,38.87,92,1,2023-11-10 17:34:08,2023-11-10 17:34:08
25,aliquet,id consequat in consequat,consequat,46.14,16,29,2023-11-11 17:34:08,2023-11-11 17:34:08
26,vulputate,cras,tincidunt,51.41,56,6,2023-11-12 17:34:08,2023-11-12 17:34:08
27,ac,vitae ipsum aliquam,pede,95.06,1,19,2023-11-13 17:34:08,2023-11-13 17:34:08
28,suscipit,nulla,vestibulum,12.11,15,24,2023-11-14 17:34:08,2023-11-14 17:34:08
29,nisi,ut mauris,eget,19.05,16,32,2023-11-15 17:34:08,2023-11-15 17:34:08
30,nunc,sed justo pellentesque viverra pede,felis,84.96,32,80,2023-11-16 17:34:08,2023-11-16 17:34:08
31,rhoncus,eu,sit,78.63,70,39,2023-11-17 17:34:08,2023-11-17 17:34:08
32,velit,a libero nam dui,velit,73.04,67,1,2023-11-18 17:34:08,2023-11-18 17:34:08
33,purus,orci luctus et,rutrum,86.43,78,8,2023-11-19 17:34:08,2023-11-19 17:34:08
34,nonummy,nibh ligula nec sem,molestie,32.67,36,10,2023-11-20 17:34:08,2023-11-20 17:34:08
35,elementum,nascetur,interdum,37.09,27,40,2023-11-21 17:34:08,2023-11-21 17:34:08
36,ligula,sapien non mi,sollicitudin,55.64,61,67,2023-11-22 17:34:08,2023-11-22 17:34:08
37,vel,mauris non,curae,52.46,94,57,2023-11-23 17:34:08,2023-11-23 17:34:08
38,duis,aenean lectus,vitae,77.86,92,6,2023-11-24 17:34:08,2023-11-24 17:34:08
39,neque,non interdum in,mattis,27.06,51,42,2023-11-25 17:34:08,2023-11-25 17:34:08
40,pede,eu magna vulputate luctus,sed,94.62,27,99,2023-11-26 17:34:08,2023-11-26 17:34:08
41,ultrices,in quam fringilla,semper,54.77,21,62,2023-11-27 17:34:08,2023-11-27 17:34:08
42,lorem,in faucibus orci luctus,non,94.99,12,55,2023-11-28 17:34:08,2023-11-28 17:34:08
43,at,at vulputate vitae nisl aenean,erat,55.23,79,92,2023-11-29 17:34:08,2023-11-29 17:34:08
44,vel,molestie sed justo pellentesque viverra,consectetuer,64.84,54,33,2023-11-30 17:34:08,2023-11-30 17:34:08
45,suspendisse,diam id ornare imperdiet sapien,donec,69.37,36,50,2023-12-01 17:34:08,2023-12-01 17:34:08
46,orci,integer ac leo pellentesque ultrices,diam,22.06,13,6,2023-12-02 17:34:08,2023-12-02 17:34:08
47,metus,pede posuere nonummy integer,id,60.09,80,57,2023-12-03 17:34:08,2023-12-03 17:34:08
48,nam,pretium iaculis diam erat,quis,59.76,22,70,2023-12-04 17:34:08,2023-12-04 17:34:08
49,donec,orci pede,nisl,64.25,99,87,2023-12-05 17:34:08,2023-12-05 17:34:08
50,eleifend,odio elementum eu interdum,nam,65.61,56,33,2023-12-06 17:34:08,2023-12-06 17:34:08
51,sapien,vulputate,consequat,21.92,82,66,2023-12-07 17:34:08,2023-12-07 17:34:08
52,dapibus,quam nec,amet,36.2,43,60,2023-12-08 17:34:08,2023-12-08 17:34:08
53,et,ultrices,curabitur,88.12,74,32,2023-12-09 17:34:08,2023-12-09 17:34:08
54,lobortis,arcu sed augue aliquam,nibh,36.7,7,29,2023-12-10 17:34:08,2023-12-10 17:34:08
55,vulputate,purus sit,mollis,66.55,72,66,2023-12-11 17:34:08,2023-12-11 17:34:08
56,luctus,mattis egestas metus,nisi,95.39,13,11,2023-12-12 17:34:08,2023-12-12 17:34:08
57,amet,sem,odio,57.62,9,55,2023-12-13 17:34:08,2023-12-13 17:34:08
58,amet,eget congue eget semper,lacus,61.4,82,80,2023-12-14 17:34:08,2023-12-14 17:34:08
59,neque,arcu libero rutrum,erat,23.99,37,73,2023-12-15 17:34:08,2023-12-15 17:34:08
60,ipsum,tempor convallis nulla neque,venenatis,44.44,26,75,2023-12-16 17:34:08,2023-12-16 17:34:08
61,aenean,sed,scelerisque,36.9,24,60,2023-12-17 17:34:08,2023-12-17 17:34:08
62,nisi,dui vel,at,10.6,86,19,2023-12-18 17:34:08,2023-12-18 17:34:08
63,ipsum,sagittis sapien cum sociis,eget,71.38,71,33,2023-12-19 17:34:08,2023-12-19 17:34:08
64,maecenas,diam erat fermentum justo,nam,85.42,87,67,2023-12-20 17:34:08,2023-12-20 17:34:08
65,pede,natoque,donec,18.3,54,8,2023-12-21 17:34:08,2023-12-21 17:34:08
66,diam,sagittis nam congue,sapien,29.64,97,29,2023-12-22 17:34:08,2023-12-22 17:34:08
67,sit,volutpat dui maecenas tristique,nulla,90.1,22,81,2023-12-23 17:34:08,2023-12-23 17:34:08
68,adipiscing,pellentesque,in,45.44,80,81,2023-12-24 17:34:08,2023-12-24 17:34:08
69,sit,vestibulum proin eu,augue,93.82,4,23,2023-12-25 17:34:08,2023-12-25 17:34:08
70,ut,nibh quisque id justo sit,amet,17.54,27,6,2023-12-26 17:34:08,2023-12-26 17:34:08
71,risus,ac lobortis vel,tempus,89.38,18,99,2023-12-27 17:34:08,2023-12-27 17:34:08
72,congue,at feugiat non,tincidunt,48.09,90,63,2023-12-28 17:34:08,2023-12-28 17:34:08
73,libero,duis at,aliquam,29.02,77,45,2023-12-29 17:34:08,2023-12-29 17:34:08
74,ante,a nibh in quis justo,pellentesque,5.14,13,7,2023-12-30 17:34:08,2023-12-30 17:34:08
75,ut,eu magna vulputate,dolor,37.63,9,97,2023-12-31 17:34:08,2023-12-31 17:34:08
76,volutpat,iaculis,dolor,20.48,69,98,2024-01-01 17:34:08,2024-01-01 17:34:08
77,lorem,praesent id massa id nisl,libero,12.48,74,98,2024-01-02 17:34:08,2024-01-02 17:34:08
78,aliquam,congue,diam,56.86,8,41,2024-01-03 17:34:08,2024-01-03 17:34:08
79,vel,tristique tortor eu,sit,30.11,92,3,2024-01-04 17:34:08,2024-01-04 17:34:08
80,nulla,ac,magnis,41.29,68,30,2024-01-05 17:34:08,2024-01-05 17:34:08
81,congue,quis turpis,tincidunt,15.21,90,72,2024-01-06 17:34:08,2024-01-06 17:34:08
82,orci,justo,vitae,15.46,7,68,2024-01-07 17:34:08,2024-01-07 17:34:08
83,pellentesque,sodales sed tincidunt eu felis,nisi,93.11,69,78,2024-01-08 17:34:08,2024-01-08 17:34:08
84,id,ante vivamus tortor duis mattis,id,13.29,83,15,2024-01-09 17:34:08,2024-01-09 17:34:08
85,scelerisque,sit amet diam in,fringilla,3.36,55,59,2024-01-10 17:34:08,2024-01-10 17:34:08
86,in,non,in,22.56,84,8,2024-01-11 17:34:08,2024-01-11 17:34:08
87,justo,dolor,primis,98.43,2,18,2024-01-12 17:34:08,2024-01-12 17:34:08
88,et,augue luctus tincidunt nulla,ac,79.53,81,68,2024-01-13 17:34:08,2024-01-13 17:34:08
89,sed,mauris vulputate elementum,elit,23.8,48,17,2024-01-14 17:34:08,2024-01-14 17:34:08
90,magna,fusce lacus,nunc,80.22,87,17,2024-01-15 17:34:08,2024-01-15 17:34:08
91,ut,placerat ante nulla justo aliquam,lacus,1.46,66,8,2024-01-16 17:34:08,2024-01-16 17:34:08
92,libero,nam congue,eget,64.21,8,18,2024-01-17 17:34:08,2024-01-17 17:34:08
93,volutpat,magnis,ut,98.07,85,41,2024-01-18 17:34:08,2024-01-18 17:34:08
94,pede,natoque penatibus et,amet,63.83,5,15,2024-01-19 17:34:08,2024-01-19 17:34:08
95,nulla,donec ut,leo,19.77,90,100,2024-01-20 17:34:08,2024-01-20 17:34:08
96,a,sed augue,elit,54.36,37,45,2024-01-21 17:34:08,2024-01-21 17:34:08
97,ante,eu felis fusce posuere felis,volutpat,46.84,61,10,2024-01-22 17:34:08,2024-01-22 17:34:08
98,orci,nunc,nunc,80.8,89,97,2024-01-23 17:34:08,2024-01-23 17:34:08
99,nisi,nec nisi,ultrices,32.07,91,47,2024-01-24 17:34:08,2024-01-24 17:34:08
100,eget,rhoncus sed vestibulum sit,egestas,12.39,8,31,2024-01-25 17:34:08,2024-01-25 17:34:08
