4,Xever Krauss,xkrauss3@paypal.com,"mQ3%#A8M>J(,I4M",2023-10-21 17:34:08,2023-10-21 17:34:08
5,Parke Tumayan,ptumayan4@reference.com,nI8%v8gHc{jihdhx,2023-10-22 17:34:08,2023-10-22 17:34:08
6,Krispin Lombard,klombard5@vk.com,"pZ0},&BC/V))",2023-10-23 17:34:08,2023-10-23 17:34:08
7,Anne Pozzi,apozzi6@samsung.com,"nM3/4}}wQ\,",2023-10-24 17:34:08,2023-10-24 17:34:08
8,Ana Wraggs,awraggs7@privacy.gov.au,"bY9,uyPH3E=",2023-10-25 17:34:08,2023-10-25 17:34:08
9,Patton Jeffes,pjeffes8@desdev.cn,"fQ6,7mKk",2023-10-26 17:34:08,2023-10-26 17:34:08
10,Tuck Kelloway,tkelloway9@prweb.com,"uK2=Y(q!DS""I2Ei4",2023-10-27 17:34:08,2023-10-27 17:34:08
11,Troy Cratchley,tcratchleya@ucoz.com,uN0(p&YvJse#,2023-10-28 17:34:08,2023-10-28 17:34:08
12,Antoinette Jansema,ajansemab@guardian.co.uk,lA0~U3L}i?<f,2023-10-29 17:34:08,2023-10-29 17:34:08
13,Loutitia Ganning,lganningc@mashable.com,hP2#tWe=4Y,2023-10-30 17:34:08,2023-10-30 17:34:08
14,Jeremias Carlick,jcarlickd@apache.org,eK3./KTT>}OK|P',2023-10-31 17:34:08,2023-10-31 17:34:08
15,Aimil David,adavide@woothemes.com,vQ1\931Z3Z8,2023-11-01 17:34:08,2023-11-01 17:34:08
16,Jeremie Loding,jlodingf@sohu.com,aU9=s0bP,2023-11-02 17:34:08,2023-11-02 17:34:08
17,Charlene MacMarcuis,cmacmarcuisg@mtv.com,yX8>_*lXR+ppjJd,2023-11-03 17:34:08,2023-11-03 17:34:08
18,Elvina Twigg,etwiggh@toplist.cz,"mP3`,dHC7jOW~",2023-11-04 17:34:08,2023-11-04 17:34:08
19,Lina Eddy,leddyi@blogspot.com,"fP1=0@NG""UBzjJbB",2023-11-05 17:34:08,2023-11-05 17:34:08
20,Rouvin Pappi,rpappij@army.mil,"kL7!o&H,Q17NUd!",2023-11-06 17:34:08,2023-11-06 17:34:08
21,Consolata Hirsthouse,chirsthousek@cdc.gov,qS4>Mu@`4F1B2uE,2023-11-07 17:34:08,2023-11-07 17:34:08
22,Malynda Ziebart,mziebartl@vk.com,vD8|msXeEhM,2023-11-08 17:34:08,2023-11-08 17:34:08
23,Wesley Ullrich,wullrichm@mayoclinic.com,pE2<9y!5,2023-11-09 17:34:08,2023-11-09 17:34:08
24,Devondra Garlinge,dgarlingen@loc.gov,kI0).tTt,2023-11-10 17:34:08,2023-11-10 17:34:08
25,Dela Ainscough,dainscougho@i2i.jp,zB6&g=V78E_Mwk~I,2023-11-11 17:34:08,2023-11-11 17:34:08
26,Myrtice Fishly,mfishlyp@fda.gov,qG4~}!d8I,2023-11-12 17:34:08,2023-11-12 17:34:08
27,Aleece Hebburn,ahebburnq@noaa.gov,mO4)Qn)v9do<!3>,2023-11-13 17:34:08,2023-11-13 17:34:08
28,Lila Humfrey,lhumfreyr@china.com.cn,gL1~)qz`Kb,2023-11-14 17:34:08,2023-11-14 17:34:08
29,Sashenka Geist,sgeists@nbcnews.com,eI6*fQ6e!=<2iL2d,2023-11-15 17:34:08,2023-11-15 17:34:08
30,Mead Wycliff,mwyclifft@gnu.org,lA5*$@OSm38e*H%|,2023-11-16 17:34:08,2023-11-16 17:34:08
31,Blayne Midghall,bmidghallu@princeton.edu,gY2~tg%D9#me,2023-11-17 17:34:08,2023-11-17 17:34:08
32,Elly Harvie,eharviev@slate.com,xU8/NU*Xa>G9o{\,2023-11-18 17:34:08,2023-11-18 17:34:08
33,Nesta Spurman,nspurmanw@bandcamp.com,rW0*fX8$T4,2023-11-19 17:34:08,2023-11-19 17:34:08
34,Magnum Wimlett,mwimlettx@hud.gov,"eT7*m3O.u,?",2023-11-20 17:34:08,2023-11-20 17:34:08
35,Solly Vickar,svickary@gizmodo.com,nY0(n.WkQn_Pf#,2023-11-21 17:34:08,2023-11-21 17:34:08
36,Mirella Romaines,mromainesz@state.gov,dQ3@hwRi,2023-11-22 17:34:08,2023-11-22 17:34:08
37,Morgun Thain,mthain10@wordpress.com,iG0\(o?fd~/3a),2023-11-23 17:34:08,2023-11-23 17:34:08
38,Lia Crowdace,lcrowdace11@dion.ne.jp,nJ0@e48fbjOa,2023-11-24 17:34:08,2023-11-24 17:34:08
39,Christean Besset,cbesset12@godaddy.com,jU7.jz>)H,2023-11-25 17:34:08,2023-11-25 17:34:08
40,Roz Sijmons,rsijmons13@marriott.com,lN0!bfHt,2023-11-26 17:34:08,2023-11-26 17:34:08
41,Silvana Howett,showett14@free.fr,"rQ7""b@/Mih+~hdUU",2023-11-27 17:34:08,2023-11-27 17:34:08
42,Lissie Watkin,lwatkin15@mayoclinic.com,fZ6+BGL'A+xE,2023-11-28 17:34:08,2023-11-28 17:34:08
43,Drew Seckington,dseckington16@icio.us,wH4&KYxm1l4rYw,2023-11-29 17:34:08,2023-11-29 17:34:08
44,Byran Molineaux,bmolineaux17@admin.ch,"wE3,H!|+=zPU?`",2023-11-30 17:34:08,2023-11-30 17:34:08
45,Adey Kordovani,akordovani18@bbc.co.uk,rR8=/!35@*TLl#,2023-12-01 17:34:08,2023-12-01 17:34:08
46,Ruy Sugarman,rsugarman19@rakuten.co.jp,aU4+mFK|)Bf{(c2A,2023-12-02 17:34:08,2023-12-02 17:34:08
47,Toddy Brogini,tbrogini1a@nasa.gov,"fG2%xr$d""B""$g",2023-12-03 17:34:08,2023-12-03 17:34:08
48,Hall Adenot,hadenot1b@wired.com,"hP0_),dpgD4L6",2023-12-04 17:34:08,2023-12-04 17:34:08
49,Noelyn Ferrarese,nferrarese1c@nbcnews.com,qP4*sLDSDz,2023-12-05 17:34:08,2023-12-05 17:34:08
50,Frants Bollard,fbollard1d@flavors.me,dX2)&ZLy7.y,2023-12-06 17:34:08,2023-12-06 17:34:08
51,Yorgos MacFadzean,ymacfadzean1e@house.gov,bZ2(7dUBIWf,2023-12-07 17:34:08,2023-12-07 17:34:08
52,Englebert Wavish,ewavish1f@mediafire.com,aT1}mR26CaeY5z{,2023-12-08 17:34:08,2023-12-08 17:34:08
53,Mead Stirzaker,mstirzaker1g@ifeng.com,sL7/Ue)Mi0NsE=\,2023-12-09 17:34:08,2023-12-09 17:34:08
54,Tamqrah Whaplington,twhaplington1h@indiegogo.com,cQ4}w&iC>rA\$'u%,2023-12-10 17:34:08,2023-12-10 17:34:08
55,Velvet Kilbride,vkilbride1i@trellian.com,dD0!#}Czi,2023-12-11 17:34:08,2023-12-11 17:34:08
56,Robbie Britnell,rbritnell1j@netscape.com,uF9{Q8?i),2023-12-12 17:34:08,2023-12-12 17:34:08
57,Orin Dibdale,odibdale1k@uol.com.br,"pV7}3>EgO_""",2023-12-13 17:34:08,2023-12-13 17:34:08
58,Lacy Winscum,lwinscum1l@instagram.com,bR5|54Tl.eJ,2023-12-14 17:34:08,2023-12-14 17:34:08
59,Meaghan Castangia,mcastangia1m@parallels.com,"cR5>'SR,#_Av&3+",2023-12-15 17:34:08,2023-12-15 17:34:08
60,Skipton Reagan,sreagan1n@symantec.com,rS2>buIJ,2023-12-16 17:34:08,2023-12-16 17:34:08
61,Lisha Sleith,lsleith1o@china.com.cn,"fD2>.pM7Ex,W$z",2023-12-17 17:34:08,2023-12-17 17:34:08
62,Hayley Reding,hreding1p@purevolume.com,"lR9(4=fo&""=Jq5",2023-12-18 17:34:08,2023-12-18 17:34:08
63,Dorella Skein,dskein1q@eventbrite.com,iT1{?Ei@p3Q,2023-12-19 17:34:08,2023-12-19 17:34:08
64,Olav Dunlap,odunlap1r@bluehost.com,aT8)Oo2U.gm`,2023-12-20 17:34:08,2023-12-20 17:34:08
65,Jen Daffey,jdaffey1s@google.de,"tS2$hp,5j\1=P!VE",2023-12-21 17:34:08,2023-12-21 17:34:08
66,Ivory Connachan,iconnachan1t@hao123.com,yN5>L~$x\'tr,2023-12-22 17:34:08,2023-12-22 17:34:08
67,Siana Tinkler,stinkler1u@purevolume.com,"pJ7,No""dq`MWw!",2023-12-23 17:34:08,2023-12-23 17:34:08
68,Britt Limpricht,blimpricht1v@hostgator.com,hN2/e/x/2Z1,2023-12-24 17:34:08,2023-12-24 17:34:08
69,Yoshiko Stather,ystather1w@slashdot.org,"nG8,f.JCU9",2023-12-25 17:34:08,2023-12-25 17:34:08
70,Agnella Laughtisse,alaughtisse1x@aol.com,"kZ2""ELd~6ncQB)M",2023-12-26 17:34:08,2023-12-26 17:34:08
71,Tobias Hornbuckle,thornbuckle1y@1688.com,pP6#)a3<s,2023-12-27 17:34:08,2023-12-27 17:34:08
72,Aland Fritchly,afritchly1z@devhub.com,xR1{yXvzmgKI,2023-12-28 17:34:08,2023-12-28 17:34:08
73,Hillary Lantaff,hlantaff20@ycombinator.com,"sX5?&Al,e#rc9",2023-12-29 17:34:08,2023-12-29 17:34:08
74,Blaine Haszard,bhaszard21@state.tx.us,qT5&rLLkbVnDBUf,2023-12-30 17:34:08,2023-12-30 17:34:08
75,Anna Tourry,atourry22@vinaora.com,"aZ0!m5Y.!""z%\nI",2023-12-31 17:34:08,2023-12-31 17:34:08
76,Camille Cloney,ccloney23@dropbox.com,jM4>r./8SdCj,2024-01-01 17:34:08,2024-01-01 17:34:08
77,Gennifer Melding,gmelding24@sitemeter.com,wM4>lQh!d(jU&}++,2024-01-02 17:34:08,2024-01-02 17:34:08
78,Roxine Scoines,rscoines25@a8.net,"cX1%f,pb2i6\(O,",2024-01-03 17:34:08,2024-01-03 17:34:08
79,Jeana Dingley,jdingley26@qq.com,"eN0,iiPNCZdWH",2024-01-04 17:34:08,2024-01-04 17:34:08
80,Michaela Hospital,mhospital27@shareasale.com,cC0!8lskr2_{ggPj,2024-01-05 17:34:08,2024-01-05 17:34:08
81,Laurent Crenage,lcrenage28@marriott.com,"vX3/%~%.N,r",2024-01-06 17:34:08,2024-01-06 17:34:08
82,Gonzalo Mault,gmault29@unc.edu,dP8&DX#AFlI{9dx,2024-01-07 17:34:08,2024-01-07 17:34:08
83,Humphrey Eim,heim2a@illinois.edu,yH1%&Sr2cC,2024-01-08 17:34:08,2024-01-08 17:34:08
84,Silvie Doey,sdoey2b@163.com,qJ9>C&$P|G8(@W$z,2024-01-09 17:34:08,2024-01-09 17:34:08
85,Demetri Coutts,dcoutts2c@google.ca,iH4}1{\s@9@~j=5,2024-01-10 17:34:08,2024-01-10 17:34:08
86,Mace Stefanovic,mstefanovic2d@myspace.com,zP6~$c36E.q`A4,2024-01-11 17:34:08,2024-01-11 17:34:08
87,Clevie Axell,caxell2e@ycombinator.com,"lE4""CUvY%qIW",2024-01-12 17:34:08,2024-01-12 17:34:08
88,Salvidor Marjanovic,smarjanovic2f@storify.com,dB3<U=9r2h,2024-01-13 17:34:08,2024-01-13 17:34:08
89,Hilario Feaster,hfeaster2g@odnoklassniki.ru,dF9'5Bk5I,2024-01-14 17:34:08,2024-01-14 17:34:08
90,Arty Preble,apreble2h@icio.us,mT2{.<5},2024-01-15 17:34:08,2024-01-15 17:34:08
91,Neel Thorrington,nthorrington2i@mit.edu,"uC8/{EqbsroQ,'",2024-01-16 17:34:08,2024-01-16 17:34:08
92,Clemente Scotchmur,cscotchmur2j@prnewswire.com,"kQ4""S1""Ks",2024-01-17 17:34:08,2024-01-17 17:34:08
93,Horten Janes,hjanes2k@va.gov,vJ8'Zha~'',2024-01-18 17:34:08,2024-01-18 17:34:08
94,Carie Trodd,ctrodd2l@surveymonkey.com,mU6=Y$FO'p(b,2024-01-19 17:34:08,2024-01-19 17:34:08
95,Karilynn Filippone,kfilippone2m@dropbox.com,aR5&/it+0+1>M,2024-01-20 17:34:08,2024-01-20 17:34:08
96,Balduin Dron,bdron2n@bravesites.com,eR5\f@847&l,2024-01-21 17:34:08,2024-01-21 17:34:08
97,Vonny Tolle,vtolle2o@fastcompany.com,iD4~/0H)Y.1U<Bnj,2024-01-22 17:34:08,2024-01-22 17:34:08
98,Iris Mazillius,imazillius2p@census.gov,"zM7""r=0l!Ca{J_s7",2024-01-23 17:34:08,2024-01-23 17:34:08
99,Tymothy Giannassi,tgiannassi2q@artisteer.com,mC2)X5ea%qGaX`2U,2024-01-24 17:34:08,2024-01-24 17:34:08
100,Malinda Szymanski,mszymanski2r@homestead.com,pS6|dY<Aw,2024-01-25 17:34:08,2024-01-25 17:34:08
